종목,티커,업데이트시점,데이터검증상태,현재가검증,TP검증,EPS검증,검증경고,목표가,TP이전값,TP현재값,TP리비전변화율,TP리비전7일,TP리비전30일,EPS정의,EPS현재연도값,EPS다음연도값,EPS다음연도30일전,EPS다음연도90일전,EPS원기간현재연도종료일,EPS원기간다음연도종료일,EPS기간검증,EPS표시연도,EPS스코어사용여부,EPS직전수집값,EPS현재수집값,EPS수집간변화율,EPS리비전30일,EPS리비전90일,EPS리비전30일원자료,EPS리비전90일원자료,상향30일,하향30일,주가30일,주가90일,강등게이트,현재가소스,TP소스,EPS소스,상향하향소스,주가30일90일소스,강등게이트소스,원천데이터
대덕전자,353200,2026-09-15T12:55:47.345Z,warning,warning,verified,verified,currentPrice divergence 1.93%,176200,176200,176200,0,0,0,"Yahoo Finance quoteSummary: 0y=Current Year, +1y=Next Year. 달력연도는 기간 검증 통과 시에만 사용",4704.8,6286.44,5588.8,5204.8,2026-12-31,2027-12-31,ok,2027,사용,6286.44,6286.44,0,12.5,20.8,12.5,20.8,6,0,-18.8,,-31.3,"Yahoo Finance financialData.currentPrice | https://query1.finance.yahoo.com/v10/finance/quoteSummary/353200.KS?modules=financialData,earningsTrend,recommendationTrend,upgradeDowngradeHistory&crumb=<redacted>","Yahoo Finance financialData.targetMeanPrice | https://query1.finance.yahoo.com/v10/finance/quoteSummary/353200.KS?modules=financialData,earningsTrend,recommendationTrend,upgradeDowngradeHistory&crumb=<redacted>","Yahoo Finance earningsTrend.trend period=0y/+1y | https://query1.finance.yahoo.com/v10/finance/quoteSummary/353200.KS?modules=financialData,earningsTrend,recommendationTrend,upgradeDowngradeHistory&crumb=<redacted>","Yahoo Finance earningsTrend(+1y).epsRevisions | https://query1.finance.yahoo.com/v10/finance/quoteSummary/353200.KS?modules=financialData,earningsTrend,recommendationTrend,upgradeDowngradeHistory&crumb=<redacted>",Yahoo Finance chart API → charts.json,계산값 = 주가30일 변화율 - 검증된 Next Year EPS 30일 리비전율,raw/revisions/2026-09-15/2026-09-15T12-55-46-989Z/353200.json
마벨,MRVL,2026-09-15T12:55:48.041Z,verified,verified,verified,verified,,289.04,285.3,289.04,1.31,1.4,12.3,"Yahoo Finance quoteSummary: 0y=Current Year, +1y=Next Year. 달력연도는 기간 검증 통과 시에만 사용",4.21,6.76,6.24,6.17,2027-01-31,2028-01-31,ok,2028,사용,6.73,6.76,0.45,8.3,9.5,8.3,9.5,33,1,-1.4,-21.5,-9.7,"Yahoo Finance financialData.currentPrice | https://query1.finance.yahoo.com/v10/finance/quoteSummary/MRVL?modules=financialData,earningsTrend,recommendationTrend,upgradeDowngradeHistory&crumb=<redacted>","Yahoo Finance financialData.targetMeanPrice | https://query1.finance.yahoo.com/v10/finance/quoteSummary/MRVL?modules=financialData,earningsTrend,recommendationTrend,upgradeDowngradeHistory&crumb=<redacted>","Yahoo Finance earningsTrend.trend period=0y/+1y | https://query1.finance.yahoo.com/v10/finance/quoteSummary/MRVL?modules=financialData,earningsTrend,recommendationTrend,upgradeDowngradeHistory&crumb=<redacted>","Yahoo Finance earningsTrend(+1y).epsRevisions | https://query1.finance.yahoo.com/v10/finance/quoteSummary/MRVL?modules=financialData,earningsTrend,recommendationTrend,upgradeDowngradeHistory&crumb=<redacted>",Yahoo Finance chart API → charts.json,계산값 = 주가30일 변화율 - 검증된 Next Year EPS 30일 리비전율,raw/revisions/2026-09-15/2026-09-15T12-55-46-989Z/MRVL.json
삼성전자,005930,2026-09-15T12:55:48.379Z,verified,verified,verified,verified,,475850.1,475850.1,475850.1,0,0.8,0.8,"Yahoo Finance quoteSummary: 0y=Current Year, +1y=Next Year. 달력연도는 기간 검증 통과 시에만 사용",48246.15,70409.98,67312.48,57444.27,2026-12-31,2027-12-31,ok,2027,사용,70409.98,70409.98,0,4.6,22.6,4.6,22.6,6,5,-8.7,-27.7,-13.3,"Yahoo Finance financialData.currentPrice | https://query1.finance.yahoo.com/v10/finance/quoteSummary/005930.KS?modules=financialData,earningsTrend,recommendationTrend,upgradeDowngradeHistory&crumb=<redacted>","Yahoo Finance financialData.targetMeanPrice | https://query1.finance.yahoo.com/v10/finance/quoteSummary/005930.KS?modules=financialData,earningsTrend,recommendationTrend,upgradeDowngradeHistory&crumb=<redacted>","Yahoo Finance earningsTrend.trend period=0y/+1y | https://query1.finance.yahoo.com/v10/finance/quoteSummary/005930.KS?modules=financialData,earningsTrend,recommendationTrend,upgradeDowngradeHistory&crumb=<redacted>","Yahoo Finance earningsTrend(+1y).epsRevisions | https://query1.finance.yahoo.com/v10/finance/quoteSummary/005930.KS?modules=financialData,earningsTrend,recommendationTrend,upgradeDowngradeHistory&crumb=<redacted>",Yahoo Finance chart API → charts.json,계산값 = 주가30일 변화율 - 검증된 Next Year EPS 30일 리비전율,raw/revisions/2026-09-15/2026-09-15T12-55-46-989Z/005930.json
마이크론,MU,2026-09-15T12:55:48.773Z,blocked,verified,verified,blocked,Yahoo annual period rollover stale: 0y ended 15d ago (2026-08-31),1513.11,1513.11,1513.11,0,0,0.7,"Yahoo Finance quoteSummary: 0y=Current Year, +1y=Next Year. 달력연도는 기간 검증 통과 시에만 사용",73.44,156.07,155.68,112.17,2026-08-31,2027-08-31,rollover-stale,,제외,156.07,156.07,0,,,0.2,39.1,,,-4.9,-9.5,,"Yahoo Finance financialData.currentPrice | https://query1.finance.yahoo.com/v10/finance/quoteSummary/MU?modules=financialData,earningsTrend,recommendationTrend,upgradeDowngradeHistory&crumb=<redacted>","Yahoo Finance financialData.targetMeanPrice | https://query1.finance.yahoo.com/v10/finance/quoteSummary/MU?modules=financialData,earningsTrend,recommendationTrend,upgradeDowngradeHistory&crumb=<redacted>","Yahoo Finance earningsTrend.trend period=0y/+1y | https://query1.finance.yahoo.com/v10/finance/quoteSummary/MU?modules=financialData,earningsTrend,recommendationTrend,upgradeDowngradeHistory&crumb=<redacted>","Yahoo Finance earningsTrend(+1y).epsRevisions | https://query1.finance.yahoo.com/v10/finance/quoteSummary/MU?modules=financialData,earningsTrend,recommendationTrend,upgradeDowngradeHistory&crumb=<redacted>",Yahoo Finance chart API → charts.json,계산값 = 주가30일 변화율 - 검증된 Next Year EPS 30일 리비전율,raw/revisions/2026-09-15/2026-09-15T12-55-46-989Z/MU.json
루멘텀,LITE,2026-09-15T12:55:49.126Z,verified,verified,verified,verified,,1149.38,1149.38,1149.38,0,0.1,0.1,"Yahoo Finance quoteSummary: 0y=Current Year, +1y=Next Year. 달력연도는 기간 검증 통과 시에만 사용",21.67,39.7,32.74,28.28,2027-06-30,2028-06-30,ok,2028,사용,39.7,39.7,0,21.2,40.4,21.2,40.4,12,0,-9.8,-4.6,-31,"Yahoo Finance financialData.currentPrice | https://query1.finance.yahoo.com/v10/finance/quoteSummary/LITE?modules=financialData,earningsTrend,recommendationTrend,upgradeDowngradeHistory&crumb=<redacted>","Yahoo Finance financialData.targetMeanPrice | https://query1.finance.yahoo.com/v10/finance/quoteSummary/LITE?modules=financialData,earningsTrend,recommendationTrend,upgradeDowngradeHistory&crumb=<redacted>","Yahoo Finance earningsTrend.trend period=0y/+1y | https://query1.finance.yahoo.com/v10/finance/quoteSummary/LITE?modules=financialData,earningsTrend,recommendationTrend,upgradeDowngradeHistory&crumb=<redacted>","Yahoo Finance earningsTrend(+1y).epsRevisions | https://query1.finance.yahoo.com/v10/finance/quoteSummary/LITE?modules=financialData,earningsTrend,recommendationTrend,upgradeDowngradeHistory&crumb=<redacted>",Yahoo Finance chart API → charts.json,계산값 = 주가30일 변화율 - 검증된 Next Year EPS 30일 리비전율,raw/revisions/2026-09-15/2026-09-15T12-55-46-989Z/LITE.json
CRDO,CRDO,2026-09-15T12:55:49.457Z,verified,verified,verified,verified,,282.47,281.47,282.47,0.36,0.4,,"Yahoo Finance quoteSummary: 0y=Current Year, +1y=Next Year. 달력연도는 기간 검증 통과 시에만 사용",6.31,9.7,9.08,8.69,2027-04-30,2028-04-30,ok,2028,사용,9.67,9.7,0.31,6.9,11.7,6.9,11.7,14,1,-42.3,-37.2,-49.2,"Yahoo Finance financialData.currentPrice | https://query1.finance.yahoo.com/v10/finance/quoteSummary/CRDO?modules=financialData,earningsTrend,recommendationTrend,upgradeDowngradeHistory&crumb=<redacted>","Yahoo Finance financialData.targetMeanPrice | https://query1.finance.yahoo.com/v10/finance/quoteSummary/CRDO?modules=financialData,earningsTrend,recommendationTrend,upgradeDowngradeHistory&crumb=<redacted>","Yahoo Finance earningsTrend.trend period=0y/+1y | https://query1.finance.yahoo.com/v10/finance/quoteSummary/CRDO?modules=financialData,earningsTrend,recommendationTrend,upgradeDowngradeHistory&crumb=<redacted>","Yahoo Finance earningsTrend(+1y).epsRevisions | https://query1.finance.yahoo.com/v10/finance/quoteSummary/CRDO?modules=financialData,earningsTrend,recommendationTrend,upgradeDowngradeHistory&crumb=<redacted>",Yahoo Finance chart API → charts.json,계산값 = 주가30일 변화율 - 검증된 Next Year EPS 30일 리비전율,raw/revisions/2026-09-15/2026-09-15T12-55-46-989Z/CRDO.json
버티브,VRT,2026-09-15T12:55:49.787Z,verified,verified,verified,verified,,338.15,338.15,338.15,0,0,0,"Yahoo Finance quoteSummary: 0y=Current Year, +1y=Next Year. 달력연도는 기간 검증 통과 시에만 사용",6.73,9.12,9.1,8.85,2026-12-31,2027-12-31,ok,2027,사용,9.12,9.12,0,0.3,3.1,0.3,3.1,19,4,-19.2,-20.8,-19.5,"Yahoo Finance financialData.currentPrice | https://query1.finance.yahoo.com/v10/finance/quoteSummary/VRT?modules=financialData,earningsTrend,recommendationTrend,upgradeDowngradeHistory&crumb=<redacted>","Yahoo Finance financialData.targetMeanPrice | https://query1.finance.yahoo.com/v10/finance/quoteSummary/VRT?modules=financialData,earningsTrend,recommendationTrend,upgradeDowngradeHistory&crumb=<redacted>","Yahoo Finance earningsTrend.trend period=0y/+1y | https://query1.finance.yahoo.com/v10/finance/quoteSummary/VRT?modules=financialData,earningsTrend,recommendationTrend,upgradeDowngradeHistory&crumb=<redacted>","Yahoo Finance earningsTrend(+1y).epsRevisions | https://query1.finance.yahoo.com/v10/finance/quoteSummary/VRT?modules=financialData,earningsTrend,recommendationTrend,upgradeDowngradeHistory&crumb=<redacted>",Yahoo Finance chart API → charts.json,계산값 = 주가30일 변화율 - 검증된 Next Year EPS 30일 리비전율,raw/revisions/2026-09-15/2026-09-15T12-55-46-989Z/VRT.json
블룸에너지,BE,2026-09-15T12:55:50.124Z,verified,verified,verified,verified,,280.24,276.05,280.24,1.52,1.9,1.9,"Yahoo Finance quoteSummary: 0y=Current Year, +1y=Next Year. 달력연도는 기간 검증 통과 시에만 사용",2.71,4.93,4.89,4.35,2026-12-31,2027-12-31,ok,2027,사용,4.92,4.93,0.2,0.9,13.3,0.9,13.3,19,4,11.8,-8.5,10.9,"Yahoo Finance financialData.currentPrice | https://query1.finance.yahoo.com/v10/finance/quoteSummary/BE?modules=financialData,earningsTrend,recommendationTrend,upgradeDowngradeHistory&crumb=<redacted>","Yahoo Finance financialData.targetMeanPrice | https://query1.finance.yahoo.com/v10/finance/quoteSummary/BE?modules=financialData,earningsTrend,recommendationTrend,upgradeDowngradeHistory&crumb=<redacted>","Yahoo Finance earningsTrend.trend period=0y/+1y | https://query1.finance.yahoo.com/v10/finance/quoteSummary/BE?modules=financialData,earningsTrend,recommendationTrend,upgradeDowngradeHistory&crumb=<redacted>","Yahoo Finance earningsTrend(+1y).epsRevisions | https://query1.finance.yahoo.com/v10/finance/quoteSummary/BE?modules=financialData,earningsTrend,recommendationTrend,upgradeDowngradeHistory&crumb=<redacted>",Yahoo Finance chart API → charts.json,계산값 = 주가30일 변화율 - 검증된 Next Year EPS 30일 리비전율,raw/revisions/2026-09-15/2026-09-15T12-55-46-989Z/BE.json
AMD,AMD,2026-09-15T12:55:50.454Z,verified,verified,verified,verified,,616.51,615.07,616.51,0.23,0.2,0.6,"Yahoo Finance quoteSummary: 0y=Current Year, +1y=Next Year. 달력연도는 기간 검증 통과 시에만 사용",7.58,15.57,15.32,13.1,2026-12-31,2027-12-31,ok,2027,사용,15.51,15.57,0.39,1.6,18.8,1.6,18.8,33,3,-4.1,-2.7,-5.7,"Yahoo Finance financialData.currentPrice | https://query1.finance.yahoo.com/v10/finance/quoteSummary/AMD?modules=financialData,earningsTrend,recommendationTrend,upgradeDowngradeHistory&crumb=<redacted>","Yahoo Finance financialData.targetMeanPrice | https://query1.finance.yahoo.com/v10/finance/quoteSummary/AMD?modules=financialData,earningsTrend,recommendationTrend,upgradeDowngradeHistory&crumb=<redacted>","Yahoo Finance earningsTrend.trend period=0y/+1y | https://query1.finance.yahoo.com/v10/finance/quoteSummary/AMD?modules=financialData,earningsTrend,recommendationTrend,upgradeDowngradeHistory&crumb=<redacted>","Yahoo Finance earningsTrend(+1y).epsRevisions | https://query1.finance.yahoo.com/v10/finance/quoteSummary/AMD?modules=financialData,earningsTrend,recommendationTrend,upgradeDowngradeHistory&crumb=<redacted>",Yahoo Finance chart API → charts.json,계산값 = 주가30일 변화율 - 검증된 Next Year EPS 30일 리비전율,raw/revisions/2026-09-15/2026-09-15T12-55-46-989Z/AMD.json
램버스,RMBS,2026-09-15T12:55:50.819Z,미검증,미검증,미검증,미검증,,147.86,147.86,147.86,0,,,"Yahoo Finance quoteSummary: 0y=Current Year, +1y=Next Year. 달력연도는 기간 검증 통과 시에만 사용",3.04,3.72,3.7,3.65,2026-12-31,2027-12-31,미검증,,제외,3.72,3.72,0,,,0.7,2,,,,,,"Yahoo Finance financialData.currentPrice | https://query1.finance.yahoo.com/v10/finance/quoteSummary/RMBS?modules=financialData,earningsTrend,recommendationTrend,upgradeDowngradeHistory&crumb=<redacted>","Yahoo Finance financialData.targetMeanPrice | https://query1.finance.yahoo.com/v10/finance/quoteSummary/RMBS?modules=financialData,earningsTrend,recommendationTrend,upgradeDowngradeHistory&crumb=<redacted>","Yahoo Finance earningsTrend.trend period=0y/+1y | https://query1.finance.yahoo.com/v10/finance/quoteSummary/RMBS?modules=financialData,earningsTrend,recommendationTrend,upgradeDowngradeHistory&crumb=<redacted>","Yahoo Finance earningsTrend(+1y).epsRevisions | https://query1.finance.yahoo.com/v10/finance/quoteSummary/RMBS?modules=financialData,earningsTrend,recommendationTrend,upgradeDowngradeHistory&crumb=<redacted>",Yahoo Finance chart API → charts.json,계산값 = 주가30일 변화율 - 검증된 Next Year EPS 30일 리비전율,raw/revisions/2026-09-15/2026-09-15T12-55-46-989Z/RMBS.json
컨스텔레이션,CEG,2026-09-15T12:55:51.215Z,verified,verified,verified,verified,,348.3,348.3,348.3,0,0,0,"Yahoo Finance quoteSummary: 0y=Current Year, +1y=Next Year. 달력연도는 기간 검증 통과 시에만 사용",12.12,13.34,13.6,13.59,2026-12-31,2027-12-31,ok,2027,사용,13.34,13.34,0,-1.9,-1.8,-1.9,-1.8,7,9,-6.3,-1.3,-4.4,"Yahoo Finance financialData.currentPrice | https://query1.finance.yahoo.com/v10/finance/quoteSummary/CEG?modules=financialData,earningsTrend,recommendationTrend,upgradeDowngradeHistory&crumb=<redacted>","Yahoo Finance financialData.targetMeanPrice | https://query1.finance.yahoo.com/v10/finance/quoteSummary/CEG?modules=financialData,earningsTrend,recommendationTrend,upgradeDowngradeHistory&crumb=<redacted>","Yahoo Finance earningsTrend.trend period=0y/+1y | https://query1.finance.yahoo.com/v10/finance/quoteSummary/CEG?modules=financialData,earningsTrend,recommendationTrend,upgradeDowngradeHistory&crumb=<redacted>","Yahoo Finance earningsTrend(+1y).epsRevisions | https://query1.finance.yahoo.com/v10/finance/quoteSummary/CEG?modules=financialData,earningsTrend,recommendationTrend,upgradeDowngradeHistory&crumb=<redacted>",Yahoo Finance chart API → charts.json,계산값 = 주가30일 변화율 - 검증된 Next Year EPS 30일 리비전율,raw/revisions/2026-09-15/2026-09-15T12-55-46-989Z/CEG.json
퀄컴,QCOM,2026-09-15T12:55:51.548Z,verified,verified,verified,verified,,194.13,194.43,194.13,-0.15,0.1,0.5,"Yahoo Finance quoteSummary: 0y=Current Year, +1y=Next Year. 달력연도는 기간 검증 통과 시에만 사용",10.48,10.2,10.2,10.67,2026-09-30,2027-09-30,ok,2027,사용,10.22,10.2,-0.2,0,-4.3,0,-4.3,3,27,8.7,-15.8,8.7,"Yahoo Finance financialData.currentPrice | https://query1.finance.yahoo.com/v10/finance/quoteSummary/QCOM?modules=financialData,earningsTrend,recommendationTrend,upgradeDowngradeHistory&crumb=<redacted>","Yahoo Finance financialData.targetMeanPrice | https://query1.finance.yahoo.com/v10/finance/quoteSummary/QCOM?modules=financialData,earningsTrend,recommendationTrend,upgradeDowngradeHistory&crumb=<redacted>","Yahoo Finance earningsTrend.trend period=0y/+1y | https://query1.finance.yahoo.com/v10/finance/quoteSummary/QCOM?modules=financialData,earningsTrend,recommendationTrend,upgradeDowngradeHistory&crumb=<redacted>","Yahoo Finance earningsTrend(+1y).epsRevisions | https://query1.finance.yahoo.com/v10/finance/quoteSummary/QCOM?modules=financialData,earningsTrend,recommendationTrend,upgradeDowngradeHistory&crumb=<redacted>",Yahoo Finance chart API → charts.json,계산값 = 주가30일 변화율 - 검증된 Next Year EPS 30일 리비전율,raw/revisions/2026-09-15/2026-09-15T12-55-46-989Z/QCOM.json
앰페놀,APH,2026-09-15T12:55:51.912Z,verified,verified,verified,verified,,99.26,99.26,99.26,0,0.1,-49.9,"Yahoo Finance quoteSummary: 0y=Current Year, +1y=Next Year. 달력연도는 기간 검증 통과 시에만 사용",2.67,3.27,3.22,2.84,2026-12-31,2027-12-31,ok,2027,사용,3.27,3.27,0,1.5,15.2,1.5,15.2,2,1,-6,-1.1,-7.5,"Yahoo Finance financialData.currentPrice | https://query1.finance.yahoo.com/v10/finance/quoteSummary/APH?modules=financialData,earningsTrend,recommendationTrend,upgradeDowngradeHistory&crumb=<redacted>","Yahoo Finance financialData.targetMeanPrice | https://query1.finance.yahoo.com/v10/finance/quoteSummary/APH?modules=financialData,earningsTrend,recommendationTrend,upgradeDowngradeHistory&crumb=<redacted>","Yahoo Finance earningsTrend.trend period=0y/+1y | https://query1.finance.yahoo.com/v10/finance/quoteSummary/APH?modules=financialData,earningsTrend,recommendationTrend,upgradeDowngradeHistory&crumb=<redacted>","Yahoo Finance earningsTrend(+1y).epsRevisions | https://query1.finance.yahoo.com/v10/finance/quoteSummary/APH?modules=financialData,earningsTrend,recommendationTrend,upgradeDowngradeHistory&crumb=<redacted>",Yahoo Finance chart API → charts.json,계산값 = 주가30일 변화율 - 검증된 Next Year EPS 30일 리비전율,raw/revisions/2026-09-15/2026-09-15T12-55-46-989Z/APH.json
BESI,BESI,2026-09-15T12:55:52.247Z,verified,verified,verified,verified,,300.36,300.36,300.36,0,1.9,1.3,"Yahoo Finance quoteSummary: 0y=Current Year, +1y=Next Year. 달력연도는 기간 검증 통과 시에만 사용",4.38,6.59,6.5,6.07,2026-12-31,2027-12-31,ok,2027,사용,6.59,6.59,0,1.5,8.5,1.5,8.5,14,3,-23.2,-42.1,-24.7,"Yahoo Finance financialData.currentPrice | https://query1.finance.yahoo.com/v10/finance/quoteSummary/BESI.AS?modules=financialData,earningsTrend,recommendationTrend,upgradeDowngradeHistory&crumb=<redacted>","Yahoo Finance financialData.targetMeanPrice | https://query1.finance.yahoo.com/v10/finance/quoteSummary/BESI.AS?modules=financialData,earningsTrend,recommendationTrend,upgradeDowngradeHistory&crumb=<redacted>","Yahoo Finance earningsTrend.trend period=0y/+1y | https://query1.finance.yahoo.com/v10/finance/quoteSummary/BESI.AS?modules=financialData,earningsTrend,recommendationTrend,upgradeDowngradeHistory&crumb=<redacted>","Yahoo Finance earningsTrend(+1y).epsRevisions | https://query1.finance.yahoo.com/v10/finance/quoteSummary/BESI.AS?modules=financialData,earningsTrend,recommendationTrend,upgradeDowngradeHistory&crumb=<redacted>",Yahoo Finance chart API → charts.json,계산값 = 주가30일 변화율 - 검증된 Next Year EPS 30일 리비전율,raw/revisions/2026-09-15/2026-09-15T12-55-46-989Z/BESI.json
SK하이닉스,000660,2026-09-15T12:55:52.574Z,warning,warning,verified,verified,currentPrice divergence 1.29%,3197603.8,3197603.8,3197603.8,0,0,1.1,"Yahoo Finance quoteSummary: 0y=Current Year, +1y=Next Year. 달력연도는 기간 검증 통과 시에만 사용",349259.38,470955.44,460893.7,410481.28,2026-12-31,2027-12-31,ok,2027,사용,470955.44,470955.44,0,2.2,14.7,2.2,14.7,4,4,2.7,,0.5,"Yahoo Finance financialData.currentPrice | https://query1.finance.yahoo.com/v10/finance/quoteSummary/000660.KS?modules=financialData,earningsTrend,recommendationTrend,upgradeDowngradeHistory&crumb=<redacted>","Yahoo Finance financialData.targetMeanPrice | https://query1.finance.yahoo.com/v10/finance/quoteSummary/000660.KS?modules=financialData,earningsTrend,recommendationTrend,upgradeDowngradeHistory&crumb=<redacted>","Yahoo Finance earningsTrend.trend period=0y/+1y | https://query1.finance.yahoo.com/v10/finance/quoteSummary/000660.KS?modules=financialData,earningsTrend,recommendationTrend,upgradeDowngradeHistory&crumb=<redacted>","Yahoo Finance earningsTrend(+1y).epsRevisions | https://query1.finance.yahoo.com/v10/finance/quoteSummary/000660.KS?modules=financialData,earningsTrend,recommendationTrend,upgradeDowngradeHistory&crumb=<redacted>",Yahoo Finance chart API → charts.json,계산값 = 주가30일 변화율 - 검증된 Next Year EPS 30일 리비전율,raw/revisions/2026-09-15/2026-09-15T12-55-46-989Z/000660.json
테슬라,TSLA,2026-09-15T12:55:52.902Z,미검증,미검증,미검증,미검증,,390.09,390.09,390.09,0,,,"Yahoo Finance quoteSummary: 0y=Current Year, +1y=Next Year. 달력연도는 기간 검증 통과 시에만 사용",1.77,2.16,2.16,2.52,2026-12-31,2027-12-31,미검증,,제외,2.16,2.16,0,,,-0.2,-14.2,,,,,,"Yahoo Finance financialData.currentPrice | https://query1.finance.yahoo.com/v10/finance/quoteSummary/TSLA?modules=financialData,earningsTrend,recommendationTrend,upgradeDowngradeHistory&crumb=<redacted>","Yahoo Finance financialData.targetMeanPrice | https://query1.finance.yahoo.com/v10/finance/quoteSummary/TSLA?modules=financialData,earningsTrend,recommendationTrend,upgradeDowngradeHistory&crumb=<redacted>","Yahoo Finance earningsTrend.trend period=0y/+1y | https://query1.finance.yahoo.com/v10/finance/quoteSummary/TSLA?modules=financialData,earningsTrend,recommendationTrend,upgradeDowngradeHistory&crumb=<redacted>","Yahoo Finance earningsTrend(+1y).epsRevisions | https://query1.finance.yahoo.com/v10/finance/quoteSummary/TSLA?modules=financialData,earningsTrend,recommendationTrend,upgradeDowngradeHistory&crumb=<redacted>",Yahoo Finance chart API → charts.json,계산값 = 주가30일 변화율 - 검증된 Next Year EPS 30일 리비전율,raw/revisions/2026-09-15/2026-09-15T12-55-46-989Z/TSLA.json
Palantir,PLTR,2026-09-15T12:55:53.347Z,미검증,미검증,미검증,미검증,,196.84,195.73,196.84,0.57,,,"Yahoo Finance quoteSummary: 0y=Current Year, +1y=Next Year. 달력연도는 기간 검증 통과 시에만 사용",1.61,2.32,2.31,2.08,2026-12-31,2027-12-31,미검증,,제외,2.33,2.32,-0.43,,,0.4,11.7,,,,,,"Yahoo Finance financialData.currentPrice | https://query1.finance.yahoo.com/v10/finance/quoteSummary/PLTR?modules=financialData,earningsTrend,recommendationTrend,upgradeDowngradeHistory&crumb=<redacted>","Yahoo Finance financialData.targetMeanPrice | https://query1.finance.yahoo.com/v10/finance/quoteSummary/PLTR?modules=financialData,earningsTrend,recommendationTrend,upgradeDowngradeHistory&crumb=<redacted>","Yahoo Finance earningsTrend.trend period=0y/+1y | https://query1.finance.yahoo.com/v10/finance/quoteSummary/PLTR?modules=financialData,earningsTrend,recommendationTrend,upgradeDowngradeHistory&crumb=<redacted>","Yahoo Finance earningsTrend(+1y).epsRevisions | https://query1.finance.yahoo.com/v10/finance/quoteSummary/PLTR?modules=financialData,earningsTrend,recommendationTrend,upgradeDowngradeHistory&crumb=<redacted>",Yahoo Finance chart API → charts.json,계산값 = 주가30일 변화율 - 검증된 Next Year EPS 30일 리비전율,raw/revisions/2026-09-15/2026-09-15T12-55-46-989Z/PLTR.json
Astera Labs,ALAB,2026-09-15T12:55:53.676Z,미검증,미검증,미검증,미검증,,389.95,389.95,389.95,0,,,"Yahoo Finance quoteSummary: 0y=Current Year, +1y=Next Year. 달력연도는 기간 검증 통과 시에만 사용",4.03,6.39,6.39,4.21,2026-12-31,2027-12-31,미검증,,제외,6.39,6.39,0,,,0,52,,,,,,"Yahoo Finance financialData.currentPrice | https://query1.finance.yahoo.com/v10/finance/quoteSummary/ALAB?modules=financialData,earningsTrend,recommendationTrend,upgradeDowngradeHistory&crumb=<redacted>","Yahoo Finance financialData.targetMeanPrice | https://query1.finance.yahoo.com/v10/finance/quoteSummary/ALAB?modules=financialData,earningsTrend,recommendationTrend,upgradeDowngradeHistory&crumb=<redacted>","Yahoo Finance earningsTrend.trend period=0y/+1y | https://query1.finance.yahoo.com/v10/finance/quoteSummary/ALAB?modules=financialData,earningsTrend,recommendationTrend,upgradeDowngradeHistory&crumb=<redacted>","Yahoo Finance earningsTrend(+1y).epsRevisions | https://query1.finance.yahoo.com/v10/finance/quoteSummary/ALAB?modules=financialData,earningsTrend,recommendationTrend,upgradeDowngradeHistory&crumb=<redacted>",Yahoo Finance chart API → charts.json,계산값 = 주가30일 변화율 - 검증된 Next Year EPS 30일 리비전율,raw/revisions/2026-09-15/2026-09-15T12-55-46-989Z/ALAB.json
Cerebras,CBRS,2026-09-15T12:55:54.007Z,미검증,미검증,미검증,미검증,,291.64,291.64,291.64,0,,,"Yahoo Finance quoteSummary: 0y=Current Year, +1y=Next Year. 달력연도는 기간 검증 통과 시에만 사용",-0.47,1.27,0.96,0,2026-12-31,2027-12-31,미검증,,제외,1.27,1.27,0,,,32.5,,,,,,,"Yahoo Finance financialData.currentPrice | https://query1.finance.yahoo.com/v10/finance/quoteSummary/CBRS?modules=financialData,earningsTrend,recommendationTrend,upgradeDowngradeHistory&crumb=<redacted>","Yahoo Finance financialData.targetMeanPrice | https://query1.finance.yahoo.com/v10/finance/quoteSummary/CBRS?modules=financialData,earningsTrend,recommendationTrend,upgradeDowngradeHistory&crumb=<redacted>","Yahoo Finance earningsTrend.trend period=0y/+1y | https://query1.finance.yahoo.com/v10/finance/quoteSummary/CBRS?modules=financialData,earningsTrend,recommendationTrend,upgradeDowngradeHistory&crumb=<redacted>","Yahoo Finance earningsTrend(+1y).epsRevisions | https://query1.finance.yahoo.com/v10/finance/quoteSummary/CBRS?modules=financialData,earningsTrend,recommendationTrend,upgradeDowngradeHistory&crumb=<redacted>",Yahoo Finance chart API → charts.json,계산값 = 주가30일 변화율 - 검증된 Next Year EPS 30일 리비전율,raw/revisions/2026-09-15/2026-09-15T12-55-46-989Z/CBRS.json
SanDisk,SNDK,2026-09-15T12:55:54.333Z,verified,verified,verified,verified,,2125.09,2125.09,2125.09,0,0,0.8,"Yahoo Finance quoteSummary: 0y=Current Year, +1y=Next Year. 달력연도는 기간 검증 통과 시에만 사용",214.1,264.72,248.42,182.89,2027-06-30,2028-06-30,ok,2028,사용,264.72,264.72,0,6.6,44.7,6.6,44.7,7,4,-5.4,-22.1,-12,"Yahoo Finance financialData.currentPrice | https://query1.finance.yahoo.com/v10/finance/quoteSummary/SNDK?modules=financialData,earningsTrend,recommendationTrend,upgradeDowngradeHistory&crumb=<redacted>","Yahoo Finance financialData.targetMeanPrice | https://query1.finance.yahoo.com/v10/finance/quoteSummary/SNDK?modules=financialData,earningsTrend,recommendationTrend,upgradeDowngradeHistory&crumb=<redacted>","Yahoo Finance earningsTrend.trend period=0y/+1y | https://query1.finance.yahoo.com/v10/finance/quoteSummary/SNDK?modules=financialData,earningsTrend,recommendationTrend,upgradeDowngradeHistory&crumb=<redacted>","Yahoo Finance earningsTrend(+1y).epsRevisions | https://query1.finance.yahoo.com/v10/finance/quoteSummary/SNDK?modules=financialData,earningsTrend,recommendationTrend,upgradeDowngradeHistory&crumb=<redacted>",Yahoo Finance chart API → charts.json,계산값 = 주가30일 변화율 - 검증된 Next Year EPS 30일 리비전율,raw/revisions/2026-09-15/2026-09-15T12-55-46-989Z/SNDK.json
삼성전기,009150,2026-09-15T12:55:54.665Z,verified,verified,verified,verified,,2364074,2364074,2364074,0,0,2.6,"Yahoo Finance quoteSummary: 0y=Current Year, +1y=Next Year. 달력연도는 기간 검증 통과 시에만 사용",20641.72,42267.92,41137.23,29098.8,2026-12-31,2027-12-31,ok,2027,사용,42267.92,42267.92,0,2.7,45.3,2.7,45.3,12,2,-15.5,,-18.2,"Yahoo Finance financialData.currentPrice | https://query1.finance.yahoo.com/v10/finance/quoteSummary/009150.KS?modules=financialData,earningsTrend,recommendationTrend,upgradeDowngradeHistory&crumb=<redacted>","Yahoo Finance financialData.targetMeanPrice | https://query1.finance.yahoo.com/v10/finance/quoteSummary/009150.KS?modules=financialData,earningsTrend,recommendationTrend,upgradeDowngradeHistory&crumb=<redacted>","Yahoo Finance earningsTrend.trend period=0y/+1y | https://query1.finance.yahoo.com/v10/finance/quoteSummary/009150.KS?modules=financialData,earningsTrend,recommendationTrend,upgradeDowngradeHistory&crumb=<redacted>","Yahoo Finance earningsTrend(+1y).epsRevisions | https://query1.finance.yahoo.com/v10/finance/quoteSummary/009150.KS?modules=financialData,earningsTrend,recommendationTrend,upgradeDowngradeHistory&crumb=<redacted>",Yahoo Finance chart API → charts.json,계산값 = 주가30일 변화율 - 검증된 Next Year EPS 30일 리비전율,raw/revisions/2026-09-15/2026-09-15T12-55-46-989Z/009150.json
테크윙,089030,2026-09-15T12:55:54.991Z,warning,warning,warning,verified,currentPrice divergence 1.45% | analyst count low: 1,80000,80000,80000,0,,,"Yahoo Finance quoteSummary: 0y=Current Year, +1y=Next Year. 달력연도는 기간 검증 통과 시에만 사용",1770.68,4504.93,4118.79,4590.4,2026-12-31,2027-12-31,ok,2027,사용,4504.93,4504.93,0,9.4,-1.9,9.4,-1.9,1,0,-10.5,,-19.9,"Yahoo Finance financialData.currentPrice | https://query1.finance.yahoo.com/v10/finance/quoteSummary/089030.KQ?modules=financialData,earningsTrend,recommendationTrend,upgradeDowngradeHistory&crumb=<redacted>","Yahoo Finance financialData.targetMeanPrice | https://query1.finance.yahoo.com/v10/finance/quoteSummary/089030.KQ?modules=financialData,earningsTrend,recommendationTrend,upgradeDowngradeHistory&crumb=<redacted>","Yahoo Finance earningsTrend.trend period=0y/+1y | https://query1.finance.yahoo.com/v10/finance/quoteSummary/089030.KQ?modules=financialData,earningsTrend,recommendationTrend,upgradeDowngradeHistory&crumb=<redacted>","Yahoo Finance earningsTrend(+1y).epsRevisions | https://query1.finance.yahoo.com/v10/finance/quoteSummary/089030.KQ?modules=financialData,earningsTrend,recommendationTrend,upgradeDowngradeHistory&crumb=<redacted>",Yahoo Finance chart API → charts.json,계산값 = 주가30일 변화율 - 검증된 Next Year EPS 30일 리비전율,raw/revisions/2026-09-15/2026-09-15T12-55-46-989Z/089030.json
ASMPT,0522,2026-09-15T12:55:17.578Z,미검증,미검증,미검증,미검증,,196.99,,196.99,,,,"Yahoo Finance quoteSummary: 0y=Current Year, +1y=Next Year. 달력연도는 기간 검증 통과 시에만 사용",,,,,,,미검증,,제외,,,,,,,,,,,,,미수집 financialData.currentPrice | 원천 소스 미지원/수집 실패,미수집 financialData.targetMeanPrice | 원천 소스 미지원/수집 실패,미수집 earningsTrend.trend period=0y/+1y | 원천 소스 미지원/수집 실패,미수집 earningsTrend(+1y).epsRevisions | 원천 소스 미지원/수집 실패,Yahoo Finance chart API → charts.json,계산값 = 주가30일 변화율 - 검증된 Next Year EPS 30일 리비전율,미수집(원천 소스 미지원 또는 수집 실패 · 스코어 사용 제외)
Supermicro,SMCI,2026-09-15T12:55:55.643Z,verified,verified,verified,verified,,42.38,42.38,42.38,0,0,0,"Yahoo Finance quoteSummary: 0y=Current Year, +1y=Next Year. 달력연도는 기간 검증 통과 시에만 사용",4.34,5.33,3.86,3.71,2027-06-30,2028-06-30,ok,2028,사용,5.33,5.33,0,38.1,43.6,38.1,43.6,8,0,-7.8,25.7,-45.9,"Yahoo Finance financialData.currentPrice | https://query1.finance.yahoo.com/v10/finance/quoteSummary/SMCI?modules=financialData,earningsTrend,recommendationTrend,upgradeDowngradeHistory&crumb=<redacted>","Yahoo Finance financialData.targetMeanPrice | https://query1.finance.yahoo.com/v10/finance/quoteSummary/SMCI?modules=financialData,earningsTrend,recommendationTrend,upgradeDowngradeHistory&crumb=<redacted>","Yahoo Finance earningsTrend.trend period=0y/+1y | https://query1.finance.yahoo.com/v10/finance/quoteSummary/SMCI?modules=financialData,earningsTrend,recommendationTrend,upgradeDowngradeHistory&crumb=<redacted>","Yahoo Finance earningsTrend(+1y).epsRevisions | https://query1.finance.yahoo.com/v10/finance/quoteSummary/SMCI?modules=financialData,earningsTrend,recommendationTrend,upgradeDowngradeHistory&crumb=<redacted>",Yahoo Finance chart API → charts.json,계산값 = 주가30일 변화율 - 검증된 Next Year EPS 30일 리비전율,raw/revisions/2026-09-15/2026-09-15T12-55-46-989Z/SMCI.json
Coherent,COHR,2026-09-15T12:55:55.977Z,verified,verified,verified,verified,,415.36,415.36,415.36,0,0,1.1,"Yahoo Finance quoteSummary: 0y=Current Year, +1y=Next Year. 달력연도는 기간 검증 통과 시에만 사용",9.42,13.96,13.95,12.52,2027-06-30,2028-06-30,ok,2028,사용,13.96,13.96,0,0.1,11.5,0.1,11.5,10,0,-18.2,-30.4,-18.3,"Yahoo Finance financialData.currentPrice | https://query1.finance.yahoo.com/v10/finance/quoteSummary/COHR?modules=financialData,earningsTrend,recommendationTrend,upgradeDowngradeHistory&crumb=<redacted>","Yahoo Finance financialData.targetMeanPrice | https://query1.finance.yahoo.com/v10/finance/quoteSummary/COHR?modules=financialData,earningsTrend,recommendationTrend,upgradeDowngradeHistory&crumb=<redacted>","Yahoo Finance earningsTrend.trend period=0y/+1y | https://query1.finance.yahoo.com/v10/finance/quoteSummary/COHR?modules=financialData,earningsTrend,recommendationTrend,upgradeDowngradeHistory&crumb=<redacted>","Yahoo Finance earningsTrend(+1y).epsRevisions | https://query1.finance.yahoo.com/v10/finance/quoteSummary/COHR?modules=financialData,earningsTrend,recommendationTrend,upgradeDowngradeHistory&crumb=<redacted>",Yahoo Finance chart API → charts.json,계산값 = 주가30일 변화율 - 검증된 Next Year EPS 30일 리비전율,raw/revisions/2026-09-15/2026-09-15T12-55-46-989Z/COHR.json
Vicor,VICR,2026-09-15T12:55:56.634Z,verified,verified,verified,verified,,386.25,386.25,386.25,0,0,0,"Yahoo Finance quoteSummary: 0y=Current Year, +1y=Next Year. 달력연도는 기간 검증 통과 시에만 사용",3.49,5.55,5.55,5.55,2026-12-31,2027-12-31,ok,2027,사용,5.55,5.55,0,0,0.1,0,0.1,1,1,-21.3,-42.4,-21.3,"Yahoo Finance financialData.currentPrice | https://query1.finance.yahoo.com/v10/finance/quoteSummary/VICR?modules=financialData,earningsTrend,recommendationTrend,upgradeDowngradeHistory&crumb=<redacted>","Yahoo Finance financialData.targetMeanPrice | https://query1.finance.yahoo.com/v10/finance/quoteSummary/VICR?modules=financialData,earningsTrend,recommendationTrend,upgradeDowngradeHistory&crumb=<redacted>","Yahoo Finance earningsTrend.trend period=0y/+1y | https://query1.finance.yahoo.com/v10/finance/quoteSummary/VICR?modules=financialData,earningsTrend,recommendationTrend,upgradeDowngradeHistory&crumb=<redacted>","Yahoo Finance earningsTrend(+1y).epsRevisions | https://query1.finance.yahoo.com/v10/finance/quoteSummary/VICR?modules=financialData,earningsTrend,recommendationTrend,upgradeDowngradeHistory&crumb=<redacted>",Yahoo Finance chart API → charts.json,계산값 = 주가30일 변화율 - 검증된 Next Year EPS 30일 리비전율,raw/revisions/2026-09-15/2026-09-15T12-55-46-989Z/VICR.json
Oklo,OKLO,2026-09-15T12:55:56.961Z,blocked,verified,verified,blocked,next-year EPS current missing/non-positive,78.69,78.69,78.69,0,-1.5,-1.5,"Yahoo Finance quoteSummary: 0y=Current Year, +1y=Next Year. 달력연도는 기간 검증 통과 시에만 사용",-0.97,-0.99,-0.9,-0.86,2026-12-31,2027-12-31,ok,2027,제외,-0.99,-0.99,0,,,,,,,-18.4,-37,,"Yahoo Finance financialData.currentPrice | https://query1.finance.yahoo.com/v10/finance/quoteSummary/OKLO?modules=financialData,earningsTrend,recommendationTrend,upgradeDowngradeHistory&crumb=<redacted>","Yahoo Finance financialData.targetMeanPrice | https://query1.finance.yahoo.com/v10/finance/quoteSummary/OKLO?modules=financialData,earningsTrend,recommendationTrend,upgradeDowngradeHistory&crumb=<redacted>","Yahoo Finance earningsTrend.trend period=0y/+1y | https://query1.finance.yahoo.com/v10/finance/quoteSummary/OKLO?modules=financialData,earningsTrend,recommendationTrend,upgradeDowngradeHistory&crumb=<redacted>","Yahoo Finance earningsTrend(+1y).epsRevisions | https://query1.finance.yahoo.com/v10/finance/quoteSummary/OKLO?modules=financialData,earningsTrend,recommendationTrend,upgradeDowngradeHistory&crumb=<redacted>",Yahoo Finance chart API → charts.json,계산값 = 주가30일 변화율 - 검증된 Next Year EPS 30일 리비전율,raw/revisions/2026-09-15/2026-09-15T12-55-46-989Z/OKLO.json
테라다인,TER,2026-09-15T12:55:57.295Z,verified,verified,verified,verified,,446.47,446.47,446.47,0,0,-0.7,"Yahoo Finance quoteSummary: 0y=Current Year, +1y=Next Year. 달력연도는 기간 검증 통과 시에만 사용",9.09,11.65,11.55,9.48,2026-12-31,2027-12-31,ok,2027,사용,11.65,11.65,0,0.9,23,0.9,23,15,1,-21.4,-19.6,-22.3,"Yahoo Finance financialData.currentPrice | https://query1.finance.yahoo.com/v10/finance/quoteSummary/TER?modules=financialData,earningsTrend,recommendationTrend,upgradeDowngradeHistory&crumb=<redacted>","Yahoo Finance financialData.targetMeanPrice | https://query1.finance.yahoo.com/v10/finance/quoteSummary/TER?modules=financialData,earningsTrend,recommendationTrend,upgradeDowngradeHistory&crumb=<redacted>","Yahoo Finance earningsTrend.trend period=0y/+1y | https://query1.finance.yahoo.com/v10/finance/quoteSummary/TER?modules=financialData,earningsTrend,recommendationTrend,upgradeDowngradeHistory&crumb=<redacted>","Yahoo Finance earningsTrend(+1y).epsRevisions | https://query1.finance.yahoo.com/v10/finance/quoteSummary/TER?modules=financialData,earningsTrend,recommendationTrend,upgradeDowngradeHistory&crumb=<redacted>",Yahoo Finance chart API → charts.json,계산값 = 주가30일 변화율 - 검증된 Next Year EPS 30일 리비전율,raw/revisions/2026-09-15/2026-09-15T12-55-46-989Z/TER.json
